-- ユーザーをシードする
INSERT INTO users (user_id, mail, name, hashed_password) VALUES
('user_1', 'user1@example.com', 'User One', '$2a$10$SJYp2QVzctrRfhl0pgkZw.NWLnGRR0g7nwEA8kKOxyJgiyGSkhioK'),
('user_2', 'user2@example.com', 'User Two', '$2a$10$SJYp2QVzctrRfhl0pgkZw.NWLnGRR0g7nwEA8kKOxyJgiyGSkhioK'),
('user_3', 'user3@example.com', 'User Three', '$2a$10$SJYp2QVzctrRfhl0pgkZw.NWLnGRR0g7nwEA8kKOxyJgiyGSkhioK'),
('user_4', 'user4@example.com', 'User Four', '$2a$10$SJYp2QVzctrRfhl0pgkZw.NWLnGRR0g7nwEA8kKOxyJgiyGSkhioK'),
('user_5', 'user5@example.com', 'User Five', '$2a$10$SJYp2QVzctrRfhl0pgkZw.NWLnGRR0g7nwEA8kKOxyJgiyGSkhioK'),
('user_6', 'user6@example.com', 'User Six', '$2a$10$SJYp2QVzctrRfhl0pgkZw.NWLnGRR0g7nwEA8kKOxyJgiyGSkhioK'),
('user_7', 'user7@example.com', 'User Seven', '$2a$10$SJYp2QVzctrRfhl0pgkZw.NWLnGRR0g7nwEA8kKOxyJgiyGSkhioK'),
('user_8', 'user8@example.com', 'User Eight', '$2a$10$SJYp2QVzctrRfhl0pgkZw.NWLnGRR0g7nwEA8kKOxyJgiyGSkhioK'),
('user_9', 'user9@example.com', 'User Nine', '$2a$10$SJYp2QVzctrRfhl0pgkZw.NWLnGRR0g7nwEA8kKOxyJgiyGSkhioK'),
('user_10', 'user10@example.com', 'User Ten', '$2a$10$SJYp2QVzctrRfhl0pgkZw.NWLnGRR0g7nwEA8kKOxyJgiyGSkhioK'),
('user_11', 'user11@example.com', 'User Eleven', '$2a$10$SJYp2QVzctrRfhl0pgkZw.NWLnGRR0g7nwEA8kKOxyJgiyGSkhioK'),
('user_12', 'user12@example.com', 'User Twelve', '$2a$10$SJYp2QVzctrRfhl0pgkZw.NWLnGRR0g7nwEA8kKOxyJgiyGSkhioK'),
('user_13', 'user13@example.com', 'User Thirteen', '$2a$10$SJYp2QVzctrRfhl0pgkZw.NWLnGRR0g7nwEA8kKOxyJgiyGSkhioK'),
('user_14', 'user14@example.com', 'User Fourteen', '$2a$10$SJYp2QVzctrRfhl0pgkZw.NWLnGRR0g7nwEA8kKOxyJgiyGSkhioK'),
('user_15', 'user15@example.com', 'User Fifteen', '$2a$10$SJYp2QVzctrRfhl0pgkZw.NWLnGRR0g7nwEA8kKOxyJgiyGSkhioK'),
('user_16', 'user16@example.com', 'User Sixteen', '$2a$10$SJYp2QVzctrRfhl0pgkZw.NWLnGRR0g7nwEA8kKOxyJgiyGSkhioK'),
('user_17', 'user17@example.com', 'User Seventeen', '$2a$10$SJYp2QVzctrRfhl0pgkZw.NWLnGRR0g7nwEA8kKOxyJgiyGSkhioK'),
('user_18', 'user18@example.com', 'User Eighteen', '$2a$10$SJYp2QVzctrRfhl0pgkZw.NWLnGRR0g7nwEA8kKOxyJgiyGSkhioK'),
('user_19', 'user19@example.com', 'User Nineteen', '$2a$10$SJYp2QVzctrRfhl0pgkZw.NWLnGRR0g7nwEA8kKOxyJgiyGSkhioK'),
('user_20', 'user20@example.com', 'User Twenty', '$2a$10$SJYp2QVzctrRfhl0pgkZw.NWLnGRR0g7nwEA8kKOxyJgiyGSkhioK');

-- eisa_filesをシードする
INSERT INTO eisa_files (user_id, file_path) VALUES
('user_1', 'user_1-202409150001.ogg'),
('user_2', 'user_2-202409150002.ogg'),
('user_3', 'user_3-202409150003.ogg'),
('user_4', 'user_4-202409150004.ogg'),
('user_5', 'user_5-202409150005.ogg'),
('user_6', 'user_6-202409150006.ogg'),
('user_7', 'user_7-202409150007.ogg'),
('user_8', 'user_8-202409150008.ogg'),
('user_9', 'user_9-202409150009.ogg'),
('user_10', 'user_10-202409150010.ogg'),
('user_11', 'user_11-202409150011.ogg'),
('user_12', 'user_12-202409150012.ogg'),
('user_13', 'user_13-202409150013.ogg'),
('user_14', 'user_14-202409150014.ogg'),
('user_15', 'user_15-202409150015.ogg'),
('user_16', 'user_16-202409150016.ogg'),
('user_17', 'user_17-202409150017.ogg'),
('user_18', 'user_18-202409150018.ogg'),
('user_19', 'user_19-202409150019.ogg'),
('user_20', 'user_20-202409150020.ogg');

-- color_codesをシードする
INSERT INTO color_codes (user_id, color_code_1, color_code_2) VALUES
('user_1', '#FF5733', '#33FF57'),
('user_2', '#33FF57', '#3357FF'),
('user_3', '#3357FF', '#FF5733'),
('user_4', '#FF33A1', '#A1FF33'),
('user_5', '#A1FF33', '#FF33A1'),
('user_6', '#FF5733', '#33FF57'),
('user_7', '#33FF57', '#3357FF'),
('user_8', '#3357FF', '#FF5733'),
('user_9', '#FF33A1', '#A1FF33'),
('user_10', '#A1FF33', '#FF33A1'),
('user_11', '#FF5733', '#33FF57'),
('user_12', '#33FF57', '#3357FF'),
('user_13', '#3357FF', '#FF5733'),
('user_14', '#FF33A1', '#A1FF33'),
('user_15', '#A1FF33', '#FF33A1'),
('user_16', '#FF5733', '#33FF57'),
('user_17', '#33FF57', '#3357FF'),
('user_18', '#3357FF', '#FF5733'),
('user_19', '#FF33A1', '#A1FF33'),
('user_20', '#A1FF33', '#FF33A1');